{
  "definitions": [
    {
      "title": "Cards",
      "id": "cards",
      "plugins": {
        "xwalk": {
          "page": {
            "resourceType": "core/franklin/components/block/v1/block",
            "template": {
              "name": "Cards",
              "filter": "cards"
            }
          }
        }
      }
    },
    {
      "title": "Card",
      "id": "card",
      "plugins": {
        "xwalk": {
          "page": {
            "resourceType": "core/franklin/components/block/v1/block/item",
            "template": {
              "name": "Card",
              "model": "card"
            }
          }
        }
      }
    }
  ],
  "models": [
    {
      "id": "card",
      "fields": [
        {
          "component": "reference",
          "valueType": "string",
          "name": "image",
          "label": "Image",
          "multi": false
        },
        {
          "component": "richtext",
          "name": "text",
          "value": "",
          "label": "Text",
          "valueType": "string"
        }
      ]
    }
  ],
  "filters": [
    {
      "id": "cards",
      "components": [
        "card"
      ]
    }
  ]
}
