{
    "definitions": [{
        "title": "Teaser",
        "id": "teaser",
        "plugins": {
            "xwalk": {
                "page": {
                    "resourceType": "core/franklin/components/block/v1/block",
                    "template": {
                        "name": "Teaser",
                        "model": "teaser",
                        "textContent_text": "<h2>Enter a title</h2><p>...And body text here!</p>",
                        "textContent_cta": "/",
                        "textContent_ctaText": "Click me!"
                    }
                }
            }
        }
    }],
    "models": [
        {
        "id": "teaser", 
        "fields": [
            {
                "component": "select",
                "name": "classes",
                "value": "",
                "label": "Teaser options",
                "description": "",
                "valueType": "string",
                "options": [
                    {
                        "name": "Default",
                        "value": " "
                    },
                    {
                        "name": "Side-by-side",
                        "value": "side-by-side"
                    }
                ]
            },
            {
                "component": "reference",
                "valueType": "string",
                "name": "image",
                "label": "Image",
                "multi": false
            },
            {
                "component": "text",
                "valueType": "string",
                "name": "imageAlt",
                "label": "Image alt text",
                "required": true
            },
            {
                "component": "richtext",
                "name": "textContent_text",
                "label": "Text",
                "valueType": "string",
                "required": true
            },
            {
                "component": "aem-content",
                "name": "textContent_cta",
                "label": "CTA",
                "valueType": "string"
            },
            {
                "component": "text",
                "name": "textContent_ctaText",
                "label": "CTA label",
                "valueType": "string"
            }
        ]
    }
    ],
    "filters": []
}