{
  "definitions": [
    {
      "title": "Hero",
      "id": "hero",
      "plugins": {
        "xwalk": {
          "page": {
            "resourceType": "core/franklin/components/block/v1/block",
            "template": {
              "name": "Hero",
              "model": "hero"
            }
          }
        }
      }
    }
  ],
  "models": [
    {
      "id": "hero",
      "fields": [
        {
          "component": "reference",
          "valueType": "string",
          "name": "image",
          "label": "Image",
          "multi": false
        },
        {
          "component": "text",
          "valueType": "string",
          "name": "imageAlt",
          "label": "Alt",
          "value": ""
        },
        {
          "component": "richtext",
          "name": "text",
          "value": "",
          "label": "Text",
          "valueType": "string"
        }
      ]
    }
  ],
  "filters": []
}
