{
    "definitions": [
        {
            "title": "Adventure CF",
            "id": "adventure-cf",
            "plugins": {
                "xwalk": {
                    "page": {
                        "resourceType": "core/franklin/components/block/v1/block",
                        "template": {
                            "name": "Adventure CF",
                            "model": "adventure-cf",
                            "filter": "cf"
                        }
                    }
                }
            }
        }
    ],
    "models": [
        {
            "id": "adventure-cf",
            "fields": [
                {
                    "component": "aem-content-fragment",
                    "name": "path",
                    "value": "",
                    "label": "Content Fragment path",
                    "variationName": "contentFragmentVariation",
                    "validation": {
                        "rootPath": "/content/dam/wknd-shared/en/adventures"
                    }
                }
            ]
        }
    ],
    "filters": []
}