{
  "definitions": [
    {
      "title": "Columns",
      "id": "columns",
      "plugins": {
        "xwalk": {
          "page": {
            "resourceType": "core/franklin/components/columns/v1/columns",
            "template": {
              "columns": "2",
              "rows": "1"
            }
          }
        }
      }
    }
  ],
  "models": [
    {
      "id": "columns",
      "fields": [
        {
          "component": "text",
          "valueType": "number",
          "name": "columns",
          "value": "",
          "label": "Columns"
        },
        {
          "component": "text",
          "valueType": "number",
          "name": "rows",
          "value": "",
          "label": "Rows"
        }
      ]
    }
  ],
  "filters": [
    {
      "id": "columns",
      "components": [
        "column"
      ]
    },
    {
      "id": "column",
      "components": [
        "text",
        "image",
        "button",
        "title"
      ]
    }
  ]
}