{
  "definitions": [
    {
      "title": "Button",
      "id": "button",
      "plugins": {
        "xwalk": {
          "page": {
            "resourceType": "core/franklin/components/button/v1/button",
            "template": {
              "model": "button"
            }
          }
        }
      }
    }
  ],
  "models": [
    {
      "id": "button",
      "fields": [
        {
          "component": "aem-content",
          "name": "link",
          "label": "Link"
        },
        {
          "component": "text",
          "name": "linkText",
          "label": "Text"
        },
        {
          "component": "text",
          "name": "linkTitle",
          "label": "Title"
        },
        {
          "component": "select",
          "name": "linkType",
          "label": "Type",
          "options": [
            {
              "name": "default",
              "value": ""
            },
            {
              "name": "primary",
              "value": "primary"
            },
            {
              "name": "secondary",
              "value": "secondary"
            }
          ]
        }
      ]
    }
  ]
}
