{
  "groups": [
    {
      "title": "Default Content",
      "id": "default",
      "components": [
        {
          "...": "./_text.json#/definitions"
        },
        {
          "...": "./_title.json#/definitions"
        },
        {
          "...": "./_image.json#/definitions"
        },
        {
          "...": "./_button.json#/definitions"
        }
      ]
    },
    {
      "title": "Sections",
      "id": "sections",
      "components": [
        {
          "...": "./_section.json#/definitions"
        }
      ]
    },
    {
      "title": "Blocks",
      "id": "blocks",
      "components": [
        {
          "...": "../blocks/*/_*.json#/definitions"
        }
      ]
    }
  ]
}
