{
  "definitions": [
    {
      "title": "Image",
      "id": "image",
      "plugins": {
        "xwalk": {
          "page": {
            "resourceType": "core/franklin/components/image/v1/image",
            "template": {}
          }
        }
      }
    }
  ],
  "models": [
    {
      "id": "image",
      "fields": [
        {
          "component": "reference",
          "name": "image",
          "label": "Image",
          "multi": false
        },
        {
          "component": "text",
          "name": "imageAlt",
          "label": "Alt Text"
        }
      ]
    }
  ]
}
