{
  "models": [
    {
      "id": "page-metadata",
      "fields": [
        {
          "component": "text",
          "valueType": "string",
          "name": "jcr:title",
          "label": "Title"
        },
        {
          "component": "text",
          "valueType": "string",
          "name": "jcr:description",
          "label": "Description"
        },
        {
          "component": "text",
          "valueType": "string",
          "name": "keywords",
          "multi": true,
          "label": "Keywords"
        },
        {
          "component": "aem-tag",
          "label": "AEM Tag Picker",
          "description": "Select an AEM tag",
          "name": "cq:tags",
          "valueType": "string",
          "rootPath": "/content/cq:tags/wknd-shared"
        }
      ]
    }
  ]
}