{
  "definitions": [
    {
      "title": "Fragment",
      "id": "fragment",
      "plugins": {
        "xwalk": {
          "page": {
            "resourceType": "core/franklin/components/block/v1/block",
            "template": {
              "name": "Fragment",
              "model": "fragment"
            }
          }
        }
      }
    }
  ],
  "models": [
    {
      "id": "fragment",
      "fields": [
        {
          "component": "aem-content",
          "name": "reference",
          "label": "Reference"
        }
      ]
    }
  ],
  "filters": []
}